email,first_name,last_name,password,uuid,gender,description,location.city,location.coordinates.latitude,location.coordinates.longitude
timeo.gautier@hotmail.fr,timeo,gautier,password,1,male,Hey ! My name is timeo,créteil,48.866667,2.333333
ambre.leroy@hotmail.fr,ambre,leroy,password,2,female,Hey ! My name is ambre,grenoble,48.866667,2.333333
guillaume.berger@hotmail.fr,guillaume,berger,password,3,male,Hey ! My name is guillaume,brest,48.866667,2.333333
angelo.charles@hotmail.fr,angelo,charles,password,4,male,Hey ! My name is angelo,montpellier,48.866667,2.333333
fabio.leclercq@hotmail.fr,fabio,leclercq,password,5,male,Hey ! My name is fabio,metz,48.866667,2.333333
mahé.petit@hotmail.fr,mahé,petit,password,6,male,Hey ! My name is mahé,tours,48.866667,2.333333
sophia.vidal@hotmail.fr,sophia,vidal,password,7,female,Hey ! My name is sophia,aix-en-provence,48.866667,2.333333
valentine.fournier@hotmail.fr,valentine,fournier,password,8,female,Hey ! My name is valentine,amiens,48.866667,2.333333
téo.laurent@hotmail.fr,téo,laurent,password,9,male,Hey ! My name is téo,metz,48.866667,2.333333
tristan.da silva@hotmail.fr,tristan,da silva,password,10,male,Hey ! My name is tristan,marseille,48.866667,2.333333
leana.blanchard@hotmail.fr,leana,blanchard,password,11,female,Hey ! My name is leana,caen,48.866667,2.333333
thibaut.girard@hotmail.fr,thibaut,girard,password,12,male,Hey ! My name is thibaut,argenteuil,48.866667,2.333333
liam.fabre@hotmail.fr,liam,fabre,password,13,male,Hey ! My name is liam,avignon,48.866667,2.333333
mélissa.laurent@hotmail.fr,mélissa,laurent,password,14,female,Hey ! My name is mélissa,avignon,48.866667,2.333333
kaïs.sanchez@hotmail.fr,kaïs,sanchez,password,15,male,Hey ! My name is kaïs,reims,48.866667,2.333333
louane.le gall@hotmail.fr,louane,le gall,password,16,female,Hey ! My name is louane,champigny-sur-marne,48.866667,2.333333
valentine.michel@hotmail.fr,valentine,michel,password,17,female,Hey ! My name is valentine,bordeaux,48.866667,2.333333
fabien.hubert@hotmail.fr,fabien,hubert,password,18,male,Hey ! My name is fabien,besançon,48.866667,2.333333
apolline.le gall@hotmail.fr,apolline,le gall,password,19,female,Hey ! My name is apolline,saint-denis,48.866667,2.333333
chloé.muller@hotmail.fr,chloé,muller,password,20,female,Hey ! My name is chloé,nîmes,48.866667,2.333333
lana.masson@hotmail.fr,lana,masson,password,21,female,Hey ! My name is lana,brest,48.866667,2.333333
tristan.denis@hotmail.fr,tristan,denis,password,22,male,Hey ! My name is tristan,grenoble,48.866667,2.333333
tristan.menard@hotmail.fr,tristan,menard,password,23,male,Hey ! My name is tristan,aulnay-sous-bois,48.866667,2.333333
gabin.morin@hotmail.fr,gabin,morin,password,24,male,Hey ! My name is gabin,roubaix,48.866667,2.333333
loïc.lucas@hotmail.fr,loïc,lucas,password,25,male,Hey ! My name is loïc,bordeaux,48.866667,2.333333
lou.louis@hotmail.fr,lou,louis,password,26,female,Hey ! My name is lou,asnières-sur-seine,48.866667,2.333333
elouan.faure@hotmail.fr,elouan,faure,password,27,male,Hey ! My name is elouan,clermont-ferrand,48.866667,2.333333
stella.rousseau@hotmail.fr,stella,rousseau,password,28,female,Hey ! My name is stella,nanterre,48.866667,2.333333
coline.fontai@hotmail.fr,coline,fontai,password,29,female,Hey ! My name is coline,clermont-ferrand,48.866667,2.333333
mélody.dupuis@hotmail.fr,mélody,dupuis,password,30,female,Hey ! My name is mélody,mulhouse,48.866667,2.333333
gabrielle.dumont@hotmail.fr,gabrielle,dumont,password,31,female,Hey ! My name is gabrielle,tourcoing,48.866667,2.333333
leana.clement@hotmail.fr,leana,clement,password,32,female,Hey ! My name is leana,toulouse,48.866667,2.333333
antoine.lecomte@hotmail.fr,antoine,lecomte,password,33,male,Hey ! My name is antoine,lyon,48.866667,2.333333
eline.morel@hotmail.fr,eline,morel,password,34,female,Hey ! My name is eline,saint-étienne,48.866667,2.333333
lisa.schmitt@hotmail.fr,lisa,schmitt,password,35,female,Hey ! My name is lisa,nancy,48.866667,2.333333
dylan.meunier@hotmail.fr,dylan,meunier,password,36,male,Hey ! My name is dylan,orléans,48.866667,2.333333
nicolas.aubert@hotmail.fr,nicolas,aubert,password,37,male,Hey ! My name is nicolas,rouen,48.866667,2.333333
estelle.robin@hotmail.fr,estelle,robin,password,38,female,Hey ! My name is estelle,montreuil,48.866667,2.333333
florian.richard@hotmail.fr,florian,richard,password,39,male,Hey ! My name is florian,orléans,48.866667,2.333333
flora.rousseau@hotmail.fr,flora,rousseau,password,40,female,Hey ! My name is flora,grenoble,48.866667,2.333333
candice.colin@hotmail.fr,candice,colin,password,41,female,Hey ! My name is candice,nîmes,48.866667,2.333333
eloane.jean@hotmail.fr,eloane,jean,password,42,female,Hey ! My name is eloane,le mans,48.866667,2.333333
loïc.hubert@hotmail.fr,loïc,hubert,password,43,male,Hey ! My name is loïc,lyon,48.866667,2.333333
oscar.arnaud@hotmail.fr,oscar,arnaud,password,44,male,Hey ! My name is oscar,saint-denis,48.866667,2.333333
evan.renaud@hotmail.fr,evan,renaud,password,45,male,Hey ! My name is evan,aix-en-provence,48.866667,2.333333
maëlle.sanchez@hotmail.fr,maëlle,sanchez,password,46,female,Hey ! My name is maëlle,toulon,48.866667,2.333333
eléa.leroy@hotmail.fr,eléa,leroy,password,47,female,Hey ! My name is eléa,champigny-sur-marne,48.866667,2.333333
eléonore.rousseau@hotmail.fr,eléonore,rousseau,password,48,female,Hey ! My name is eléonore,dijon,48.866667,2.333333
méline.pierre@hotmail.fr,méline,pierre,password,49,female,Hey ! My name is méline,nîmes,48.866667,2.333333
thibaut.roger@hotmail.fr,thibaut,roger,password,50,male,Hey ! My name is thibaut,montpellier,48.866667,2.333333
martin.lemaire@hotmail.fr,martin,lemaire,password,51,male,Hey ! My name is martin,champigny-sur-marne,48.866667,2.333333
emma.vincent@hotmail.fr,emma,vincent,password,52,female,Hey ! My name is emma,versailles,48.866667,2.333333
logan.roger@hotmail.fr,logan,roger,password,53,male,Hey ! My name is logan,courbevoie,48.866667,2.333333
livia.riviere@hotmail.fr,livia,riviere,password,54,female,Hey ! My name is livia,argenteuil,48.866667,2.333333
lola.carpentier@hotmail.fr,lola,carpentier,password,55,female,Hey ! My name is lola,angers,48.866667,2.333333
noam.blanchard@hotmail.fr,noam,blanchard,password,56,male,Hey ! My name is noam,amiens,48.866667,2.333333
nathan.roussel@hotmail.fr,nathan,roussel,password,57,male,Hey ! My name is nathan,nantes,48.866667,2.333333
oscar.berger@hotmail.fr,oscar,berger,password,58,male,Hey ! My name is oscar,argenteuil,48.866667,2.333333
thibaut.rey@hotmail.fr,thibaut,rey,password,59,male,Hey ! My name is thibaut,avignon,48.866667,2.333333
ambre.robin@hotmail.fr,ambre,robin,password,60,female,Hey ! My name is ambre,saint-denis,48.866667,2.333333
armand.martin@hotmail.fr,armand,martin,password,61,male,Hey ! My name is armand,vitry-sur-seine,48.866667,2.333333
antoine.robert@hotmail.fr,antoine,robert,password,62,male,Hey ! My name is antoine,nantes,48.866667,2.333333
eléna.leroux@hotmail.fr,eléna,leroux,password,63,female,Hey ! My name is eléna,aulnay-sous-bois,48.866667,2.333333
andréa.dubois@hotmail.fr,andréa,dubois,password,64,female,Hey ! My name is andréa,rennes,48.866667,2.333333
jade.durand@hotmail.fr,jade,durand,password,65,female,Hey ! My name is jade,rueil-malmaison,48.866667,2.333333
elio.louis@hotmail.fr,elio,louis,password,66,male,Hey ! My name is elio,boulogne-billancourt,48.866667,2.333333
noa.dufour@hotmail.fr,noa,dufour,password,67,male,Hey ! My name is noa,rouen,48.866667,2.333333
marceau.lecomte@hotmail.fr,marceau,lecomte,password,68,male,Hey ! My name is marceau,saint-étienne,48.866667,2.333333
antoine.roux@hotmail.fr,antoine,roux,password,69,male,Hey ! My name is antoine,clermont-ferrand,48.866667,2.333333
ezio.michel@hotmail.fr,ezio,michel,password,70,male,Hey ! My name is ezio,champigny-sur-marne,48.866667,2.333333
elias.marchand@hotmail.fr,elias,marchand,password,71,male,Hey ! My name is elias,argenteuil,48.866667,2.333333
celestine.boyer@hotmail.fr,celestine,boyer,password,72,female,Hey ! My name is celestine,roubaix,48.866667,2.333333
lilian.leclerc@hotmail.fr,lilian,leclerc,password,73,male,Hey ! My name is lilian,perpignan,48.866667,2.333333
ugo.mathieu@hotmail.fr,ugo,mathieu,password,74,male,Hey ! My name is ugo,lille,48.866667,2.333333
pierre.martinez@hotmail.fr,pierre,martinez,password,75,male,Hey ! My name is pierre,saint-étienne,48.866667,2.333333
william.brunet@hotmail.fr,william,brunet,password,76,male,Hey ! My name is william,saint-pierre,48.866667,2.333333
aaron.garcia@hotmail.fr,aaron,garcia,password,77,male,Hey ! My name is aaron,nancy,48.866667,2.333333
victoire.thomas@hotmail.fr,victoire,thomas,password,78,female,Hey ! My name is victoire,dijon,48.866667,2.333333
kiara.rodriguez@hotmail.fr,kiara,rodriguez,password,79,female,Hey ! My name is kiara,poitiers,48.866667,2.333333
jordan.thomas@hotmail.fr,jordan,thomas,password,80,male,Hey ! My name is jordan,argenteuil,48.866667,2.333333
nathan.gonzalez@hotmail.fr,nathan,gonzalez,password,81,male,Hey ! My name is nathan,le mans,48.866667,2.333333
yann.roche@hotmail.fr,yann,roche,password,82,male,Hey ! My name is yann,nancy,48.866667,2.333333
louison.fabre@hotmail.fr,louison,fabre,password,83,male,Hey ! My name is louison,lyon,48.866667,2.333333
inaya.dumas@hotmail.fr,inaya,dumas,password,84,female,Hey ! My name is inaya,vitry-sur-seine,48.866667,2.333333
ilyès.durand@hotmail.fr,ilyès,durand,password,85,male,Hey ! My name is ilyès,angers,44.837789,-0.57918
fabio.fernandez@hotmail.fr,fabio,fernandez,password,86,male,Hey ! My name is fabio,nancy,44.837789,-0.57918
aubin.henry@hotmail.fr,aubin,henry,password,87,male,Hey ! My name is aubin,nancy,44.837789,-0.57918
logan.gautier@hotmail.fr,logan,gautier,password,88,male,Hey ! My name is logan,tours,44.837789,-0.57918
rémi.francois@hotmail.fr,rémi,francois,password,89,male,Hey ! My name is rémi,lille,44.837789,-0.57918
marilou.roche@hotmail.fr,marilou,roche,password,90,female,Hey ! My name is marilou,le mans,44.837789,-0.57918
hélèna.girard@hotmail.fr,hélèna,girard,password,91,female,Hey ! My name is hélèna,courbevoie,44.837789,-0.57918
ninon.dumont@hotmail.fr,ninon,dumont,password,92,female,Hey ! My name is ninon,nanterre,44.837789,-0.57918
rafael.leclerc@hotmail.fr,rafael,leclerc,password,93,male,Hey ! My name is rafael,montpellier,44.837789,-0.57918
gauthier.robin@hotmail.fr,gauthier,robin,password,94,male,Hey ! My name is gauthier,brest,44.837789,-0.57918
mathis.faure@hotmail.fr,mathis,faure,password,95,male,Hey ! My name is mathis,orléans,44.837789,-0.57918
noemie.moreau@hotmail.fr,noemie,moreau,password,96,female,Hey ! My name is noemie,pau,44.837789,-0.57918
alicia.gerard@hotmail.fr,alicia,gerard,password,97,female,Hey ! My name is alicia,montpellier,44.837789,-0.57918
yanis.henry@hotmail.fr,yanis,henry,password,98,male,Hey ! My name is yanis,argenteuil,44.837789,-0.57918
mathilde.laurent@hotmail.fr,mathilde,laurent,password,99,female,Hey ! My name is mathilde,montreuil,44.837789,-0.57918
enora.petit@hotmail.fr,enora,petit,password,100,female,Hey ! My name is enora,montpellier,44.837789,-0.57918
corentin.dupuis@hotmail.fr,corentin,dupuis,password,101,male,Hey ! My name is corentin,courbevoie,44.837789,-0.57918
charlotte.fontai@hotmail.fr,charlotte,fontai,password,102,female,Hey ! My name is charlotte,champigny-sur-marne,44.837789,-0.57918
alyssa.jean@hotmail.fr,alyssa,jean,password,103,female,Hey ! My name is alyssa,argenteuil,44.837789,-0.57918
malo.muller@hotmail.fr,malo,muller,password,104,male,Hey ! My name is malo,limoges,44.837789,-0.57918
dylan.richard@hotmail.fr,dylan,richard,password,105,male,Hey ! My name is dylan,pau,44.837789,-0.57918
lisa.carpentier@hotmail.fr,lisa,carpentier,password,106,female,Hey ! My name is lisa,perpignan,44.837789,-0.57918
chiara.fleury@hotmail.fr,chiara,fleury,password,107,female,Hey ! My name is chiara,versailles,44.837789,-0.57918
samuel.girard@hotmail.fr,samuel,girard,password,108,male,Hey ! My name is samuel,dijon,44.837789,-0.57918
maëlia.mathieu@hotmail.fr,maëlia,mathieu,password,109,female,Hey ! My name is maëlia,mulhouse,44.837789,-0.57918
morgan.martin@hotmail.fr,morgan,martin,password,110,male,Hey ! My name is morgan,toulouse,44.837789,-0.57918
basile.perrin@hotmail.fr,basile,perrin,password,111,male,Hey ! My name is basile,créteil,44.837789,-0.57918
kylian.meyer@hotmail.fr,kylian,meyer,password,112,male,Hey ! My name is kylian,saint-denis,44.837789,-0.57918
naomi.schmitt@hotmail.fr,naomi,schmitt,password,113,female,Hey ! My name is naomi,saint-pierre,44.837789,-0.57918
maëva.martinez@hotmail.fr,maëva,martinez,password,114,female,Hey ! My name is maëva,marseille,44.837789,-0.57918
nolan.guillaume@hotmail.fr,nolan,guillaume,password,115,male,Hey ! My name is nolan,mulhouse,44.837789,-0.57918
gaëtan.noel@hotmail.fr,gaëtan,noel,password,116,male,Hey ! My name is gaëtan,aix-en-provence,44.837789,-0.57918
angèle.bonnet@hotmail.fr,angèle,bonnet,password,117,female,Hey ! My name is angèle,mulhouse,44.837789,-0.57918
maël.bertrand@hotmail.fr,maël,bertrand,password,118,male,Hey ! My name is maël,versailles,44.837789,-0.57918
pauline.bernard@hotmail.fr,pauline,bernard,password,119,female,Hey ! My name is pauline,caen,44.837789,-0.57918
mélody.renaud@hotmail.fr,mélody,renaud,password,120,female,Hey ! My name is mélody,courbevoie,44.837789,-0.57918
timothee.clement@hotmail.fr,timothee,clement,password,121,male,Hey ! My name is timothee,nice,44.837789,-0.57918
mathéo.rey@hotmail.fr,mathéo,rey,password,122,male,Hey ! My name is mathéo,limoges,44.837789,-0.57918
livia.leclerc@hotmail.fr,livia,leclerc,password,123,female,Hey ! My name is livia,mulhouse,44.837789,-0.57918
tessa.girard@hotmail.fr,tessa,girard,password,124,female,Hey ! My name is tessa,tours,44.837789,-0.57918
mélody.dumas@hotmail.fr,mélody,dumas,password,125,female,Hey ! My name is mélody,courbevoie,44.837789,-0.57918
alexis.garnier@hotmail.fr,alexis,garnier,password,126,male,Hey ! My name is alexis,le mans,44.837789,-0.57918
bérénice.robin@hotmail.fr,bérénice,robin,password,127,female,Hey ! My name is bérénice,nanterre,44.837789,-0.57918
robin.richard@hotmail.fr,robin,richard,password,128,male,Hey ! My name is robin,tours,44.837789,-0.57918
lou.chevalier@hotmail.fr,lou,chevalier,password,129,female,Hey ! My name is lou,strasbourg,44.837789,-0.57918
aloïs.michel@hotmail.fr,aloïs,michel,password,130,male,Hey ! My name is aloïs,brest,44.837789,-0.57918
louise.martinez@hotmail.fr,louise,martinez,password,131,female,Hey ! My name is louise,perpignan,44.837789,-0.57918
amaury.vidal@hotmail.fr,amaury,vidal,password,132,male,Hey ! My name is amaury,bordeaux,44.837789,-0.57918
marine.gauthier@hotmail.fr,marine,gauthier,password,133,female,Hey ! My name is marine,tourcoing,44.837789,-0.57918
maya.gautier@hotmail.fr,maya,gautier,password,134,female,Hey ! My name is maya,argenteuil,44.837789,-0.57918
lucy.garnier@hotmail.fr,lucy,garnier,password,135,female,Hey ! My name is lucy,paris,44.837789,-0.57918
ilyès.noel@hotmail.fr,ilyès,noel,password,136,male,Hey ! My name is ilyès,limoges,44.837789,-0.57918
léandre.brun@hotmail.fr,léandre,brun,password,137,male,Hey ! My name is léandre,caen,44.837789,-0.57918
agathe.schmitt@hotmail.fr,agathe,schmitt,password,138,female,Hey ! My name is agathe,le havre,44.837789,-0.57918
léane.roy@hotmail.fr,léane,roy,password,139,female,Hey ! My name is léane,saint-pierre,44.837789,-0.57918
aaron.nguyen@hotmail.fr,aaron,nguyen,password,140,male,Hey ! My name is aaron,aubervilliers,44.837789,-0.57918
marie.fabre@hotmail.fr,marie,fabre,password,141,female,Hey ! My name is marie,saint-étienne,44.837789,-0.57918
sélène.arnaud@hotmail.fr,sélène,arnaud,password,142,female,Hey ! My name is sélène,angers,44.837789,-0.57918
emmie.richard@hotmail.fr,emmie,richard,password,143,female,Hey ! My name is emmie,lille,44.837789,-0.57918
thibaut.legrand@hotmail.fr,thibaut,legrand,password,144,male,Hey ! My name is thibaut,saint-denis,44.837789,-0.57918
hadrien.berger@hotmail.fr,hadrien,berger,password,145,male,Hey ! My name is hadrien,mulhouse,44.837789,-0.57918
rayan.mercier@hotmail.fr,rayan,mercier,password,146,male,Hey ! My name is rayan,dijon,44.837789,-0.57918
charlie.colin@hotmail.fr,charlie,colin,password,147,male,Hey ! My name is charlie,asnières-sur-seine,44.837789,-0.57918
armand.faure@hotmail.fr,armand,faure,password,148,male,Hey ! My name is armand,marseille,44.837789,-0.57918
matéo.giraud@hotmail.fr,matéo,giraud,password,149,male,Hey ! My name is matéo,clermont-ferrand,44.837789,-0.57918
elias.vidal@hotmail.fr,elias,vidal,password,150,male,Hey ! My name is elias,nice,44.837789,-0.57918
hector.dupont@hotmail.fr,hector,dupont,password,151,male,Hey ! My name is hector,montreuil,44.837789,-0.57918
emmie.le gall@hotmail.fr,emmie,le gall,password,152,female,Hey ! My name is emmie,le havre,44.837789,-0.57918
tony.guillot@hotmail.fr,tony,guillot,password,153,male,Hey ! My name is tony,nîmes,44.837789,-0.57918
maya.henry@hotmail.fr,maya,henry,password,154,female,Hey ! My name is maya,reims,44.837789,-0.57918
ruben.moulin@hotmail.fr,ruben,moulin,password,155,male,Hey ! My name is ruben,poitiers,44.837789,-0.57918
soline.vincent@hotmail.fr,soline,vincent,password,156,female,Hey ! My name is soline,caen,44.837789,-0.57918
marin.noel@hotmail.fr,marin,noel,password,157,male,Hey ! My name is marin,reims,44.837789,-0.57918
edouard.girard@hotmail.fr,edouard,girard,password,158,male,Hey ! My name is edouard,bordeaux,44.837789,-0.57918
adam.marie@hotmail.fr,adam,marie,password,159,male,Hey ! My name is adam,saint-pierre,44.837789,-0.57918
nolhan.jean@hotmail.fr,nolhan,jean,password,160,male,Hey ! My name is nolhan,poitiers,44.837789,-0.57918
angèle.gaillard@hotmail.fr,angèle,gaillard,password,161,female,Hey ! My name is angèle,strasbourg,44.837789,-0.57918
célia.garnier@hotmail.fr,célia,garnier,password,162,female,Hey ! My name is célia,versailles,44.837789,-0.57918
sophie.rousseau@hotmail.fr,sophie,rousseau,password,163,female,Hey ! My name is sophie,orléans,44.837789,-0.57918
mae.andre@hotmail.fr,mae,andre,password,164,male,Hey ! My name is mae,bordeaux,44.837789,-0.57918
clémentine.rousseau@hotmail.fr,clémentine,rousseau,password,165,female,Hey ! My name is clémentine,dunkerque,44.837789,-0.57918
thibaut.louis@hotmail.fr,thibaut,louis,password,166,male,Hey ! My name is thibaut,paris,44.837789,-0.57918
tony.moreau@hotmail.fr,tony,moreau,password,167,male,Hey ! My name is tony,saint-denis,44.837789,-0.57918
mathis.andre@hotmail.fr,mathis,andre,password,168,male,Hey ! My name is mathis,marseille,44.837789,-0.57918
aloïs.martin@hotmail.fr,aloïs,martin,password,169,male,Hey ! My name is aloïs,le havre,44.837789,-0.57918
abel.guillot@hotmail.fr,abel,guillot,password,170,male,Hey ! My name is abel,nanterre,44.837789,-0.57918
pauline.rodriguez@hotmail.fr,pauline,rodriguez,password,171,female,Hey ! My name is pauline,aulnay-sous-bois,44.837789,-0.57918
enora.gerard@hotmail.fr,enora,gerard,password,172,female,Hey ! My name is enora,tourcoing,44.837789,-0.57918
julie.bonnet@hotmail.fr,julie,bonnet,password,173,female,Hey ! My name is julie,tourcoing,44.837789,-0.57918
diego.guillaume@hotmail.fr,diego,guillaume,password,174,male,Hey ! My name is diego,lille,44.837789,-0.57918
david.roussel@hotmail.fr,david,roussel,password,175,male,Hey ! My name is david,argenteuil,44.837789,-0.57918
noah.robin@hotmail.fr,noah,robin,password,176,male,Hey ! My name is noah,nanterre,44.837789,-0.57918
mya.dufour@hotmail.fr,mya,dufour,password,177,female,Hey ! My name is mya,créteil,44.837789,-0.57918
soan.rey@hotmail.fr,soan,rey,password,178,male,Hey ! My name is soan,lille,44.837789,-0.57918
loïs.barbier@hotmail.fr,loïs,barbier,password,179,male,Hey ! My name is loïs,tours,44.837789,-0.57918
basile.louis@hotmail.fr,basile,louis,password,180,male,Hey ! My name is basile,tours,44.837789,-0.57918
alex.vincent@hotmail.fr,alex,vincent,password,181,male,Hey ! My name is alex,vitry-sur-seine,44.837789,-0.57918
ava.rolland@hotmail.fr,ava,rolland,password,182,female,Hey ! My name is ava,perpignan,44.837789,-0.57918
valentina.fournier@hotmail.fr,valentina,fournier,password,183,female,Hey ! My name is valentina,metz,44.837789,-0.57918
maëlyne.francois@hotmail.fr,maëlyne,francois,password,184,female,Hey ! My name is maëlyne,caen,44.837789,-0.57918
lila.barbier@hotmail.fr,lila,barbier,password,185,female,Hey ! My name is lila,aix-en-provence,44.837789,-0.57918
mathys.joly@hotmail.fr,mathys,joly,password,186,male,Hey ! My name is mathys,champigny-sur-marne,44.837789,-0.57918
tessa.leroy@hotmail.fr,tessa,leroy,password,187,female,Hey ! My name is tessa,le havre,44.837789,-0.57918
tristan.perrin@hotmail.fr,tristan,perrin,password,188,male,Hey ! My name is tristan,nice,44.837789,-0.57918
sara.hubert@hotmail.fr,sara,hubert,password,189,female,Hey ! My name is sara,strasbourg,44.837789,-0.57918
charlotte.schmitt@hotmail.fr,charlotte,schmitt,password,190,female,Hey ! My name is charlotte,toulon,44.837789,-0.57918
tom.dufour@hotmail.fr,tom,dufour,password,191,male,Hey ! My name is tom,colombes,44.837789,-0.57918
mia.andre@hotmail.fr,mia,andre,password,192,female,Hey ! My name is mia,grenoble,44.837789,-0.57918
yann.clement@hotmail.fr,yann,clement,password,193,male,Hey ! My name is yann,limoges,44.837789,-0.57918
charlie.leclerc@hotmail.fr,charlie,leclerc,password,194,male,Hey ! My name is charlie,nantes,44.837789,-0.57918
ugo.mercier@hotmail.fr,ugo,mercier,password,195,male,Hey ! My name is ugo,pau,44.837789,-0.57918
héloïse.durand@hotmail.fr,héloïse,durand,password,196,female,Hey ! My name is héloïse,grenoble,44.837789,-0.57918
nolan.girard@hotmail.fr,nolan,girard,password,197,male,Hey ! My name is nolan,tours,44.837789,-0.57918
ewen.sanchez@hotmail.fr,ewen,sanchez,password,198,male,Hey ! My name is ewen,toulon,45.764043,4.835659
thibaut.morel@hotmail.fr,thibaut,morel,password,199,male,Hey ! My name is thibaut,mulhouse,45.764043,4.835659
titouan.perez@hotmail.fr,titouan,perez,password,200,male,Hey ! My name is titouan,pau,45.764043,4.835659
diego.dubois@hotmail.fr,diego,dubois,password,201,male,Hey ! My name is diego,champigny-sur-marne,45.764043,4.835659
leana.blanchard2@hotmail.fr,leana,blanchard,password,202,female,Hey ! My name is leana,créteil,45.764043,4.835659
mélody.lemoine@hotmail.fr,mélody,lemoine,password,203,female,Hey ! My name is mélody,saint-denis,45.764043,4.835659
alex.bertrand@hotmail.fr,alex,bertrand,password,204,male,Hey ! My name is alex,montpellier,45.764043,4.835659
johan.rolland@hotmail.fr,johan,rolland,password,205,male,Hey ! My name is johan,metz,45.764043,4.835659
lila.laurent@hotmail.fr,lila,laurent,password,206,female,Hey ! My name is lila,saint-denis,45.764043,4.835659
anthony.leroy@hotmail.fr,anthony,leroy,password,207,male,Hey ! My name is anthony,perpignan,45.764043,4.835659
eléonore.gerard@hotmail.fr,eléonore,gerard,password,208,female,Hey ! My name is eléonore,versailles,45.764043,4.835659
noe.caron@hotmail.fr,noe,caron,password,209,male,Hey ! My name is noe,asnières-sur-seine,45.764043,4.835659
florian.thomas@hotmail.fr,florian,thomas,password,210,male,Hey ! My name is florian,strasbourg,45.764043,4.835659
luka.morin@hotmail.fr,luka,morin,password,211,male,Hey ! My name is luka,aix-en-provence,45.764043,4.835659
adrien.sanchez@hotmail.fr,adrien,sanchez,password,212,male,Hey ! My name is adrien,dunkerque,45.764043,4.835659
pablo.brun@hotmail.fr,pablo,brun,password,213,male,Hey ! My name is pablo,fort-de-france,45.764043,4.835659
bérénice.barbier@hotmail.fr,bérénice,barbier,password,214,female,Hey ! My name is bérénice,boulogne-billancourt,45.764043,4.835659
adèle.brunet@hotmail.fr,adèle,brunet,password,215,female,Hey ! My name is adèle,caen,45.764043,4.835659
célestin.lemaire@hotmail.fr,célestin,lemaire,password,216,male,Hey ! My name is célestin,lille,45.764043,4.835659
téo.lecomte@hotmail.fr,téo,lecomte,password,217,male,Hey ! My name is téo,strasbourg,45.764043,4.835659
charline.chevalier@hotmail.fr,charline,chevalier,password,218,female,Hey ! My name is charline,argenteuil,45.764043,4.835659
tiago.legrand@hotmail.fr,tiago,legrand,password,219,male,Hey ! My name is tiago,boulogne-billancourt,45.764043,4.835659
marine.bonnet@hotmail.fr,marine,bonnet,password,220,female,Hey ! My name is marine,rueil-malmaison,45.764043,4.835659
louka.faure@hotmail.fr,louka,faure,password,221,male,Hey ! My name is louka,poitiers,45.764043,4.835659
ilan.masson@hotmail.fr,ilan,masson,password,222,male,Hey ! My name is ilan,créteil,45.764043,4.835659
dorian.carpentier@hotmail.fr,dorian,carpentier,password,223,male,Hey ! My name is dorian,saint-étienne,45.764043,4.835659
dorian.petit@hotmail.fr,dorian,petit,password,224,male,Hey ! My name is dorian,tourcoing,45.764043,4.835659
soren.dupont@hotmail.fr,soren,dupont,password,225,male,Hey ! My name is soren,nîmes,45.764043,4.835659
alessio.roy@hotmail.fr,alessio,roy,password,226,male,Hey ! My name is alessio,dunkerque,45.764043,4.835659
nina.nguyen@hotmail.fr,nina,nguyen,password,227,female,Hey ! My name is nina,argenteuil,45.764043,4.835659
soan.mercier@hotmail.fr,soan,mercier,password,228,male,Hey ! My name is soan,tourcoing,45.764043,4.835659
adèle.rodriguez@hotmail.fr,adèle,rodriguez,password,229,female,Hey ! My name is adèle,paris,45.764043,4.835659
nicolas.gaillard@hotmail.fr,nicolas,gaillard,password,230,male,Hey ! My name is nicolas,versailles,45.764043,4.835659
louka.dupont@hotmail.fr,louka,dupont,password,231,male,Hey ! My name is louka,grenoble,45.764043,4.835659
marie.lefebvre@hotmail.fr,marie,lefebvre,password,232,female,Hey ! My name is marie,bordeaux,45.764043,4.835659
lylou.brunet@hotmail.fr,lylou,brunet,password,233,female,Hey ! My name is lylou,orléans,45.764043,4.835659
inès.faure@hotmail.fr,inès,faure,password,234,female,Hey ! My name is inès,le mans,45.764043,4.835659
tim.fabre@hotmail.fr,tim,fabre,password,235,male,Hey ! My name is tim,versailles,45.764043,4.835659
david.lecomte@hotmail.fr,david,lecomte,password,236,male,Hey ! My name is david,strasbourg,45.764043,4.835659
romain.da silva@hotmail.fr,romain,da silva,password,237,male,Hey ! My name is romain,asnières-sur-seine,45.764043,4.835659
lola.masson@hotmail.fr,lola,masson,password,238,female,Hey ! My name is lola,metz,45.764043,4.835659
noham.sanchez@hotmail.fr,noham,sanchez,password,239,male,Hey ! My name is noham,saint-denis,45.764043,4.835659
rémi.moulin@hotmail.fr,rémi,moulin,password,240,male,Hey ! My name is rémi,aulnay-sous-bois,45.764043,4.835659
maxime.garcia@hotmail.fr,maxime,garcia,password,241,male,Hey ! My name is maxime,saint-denis,45.764043,4.835659
liam.roy@hotmail.fr,liam,roy,password,242,male,Hey ! My name is liam,le mans,45.764043,4.835659
adèle.lucas@hotmail.fr,adèle,lucas,password,243,female,Hey ! My name is adèle,bordeaux,45.764043,4.835659
jeanne.guillot@hotmail.fr,jeanne,guillot,password,244,female,Hey ! My name is jeanne,roubaix,45.764043,4.835659
téo.roche@hotmail.fr,téo,roche,password,245,male,Hey ! My name is téo,amiens,45.764043,4.835659
thaïs.moreau@hotmail.fr,thaïs,moreau,password,246,female,Hey ! My name is thaïs,montpellier,45.764043,4.835659
elise.garnier@hotmail.fr,elise,garnier,password,247,female,Hey ! My name is elise,aulnay-sous-bois,45.764043,4.835659
louis.morel@hotmail.fr,louis,morel,password,248,male,Hey ! My name is louis,versailles,45.764043,4.835659
soan.dupont@hotmail.fr,soan,dupont,password,249,male,Hey ! My name is soan,aulnay-sous-bois,45.764043,4.835659
manon.nicolas@hotmail.fr,manon,nicolas,password,250,female,Hey ! My name is manon,mulhouse,45.764043,4.835659
fabio.leclercq2@hotmail.fr,fabio,leclercq,password,251,male,Hey ! My name is fabio,dijon,45.764043,4.835659
alexia.joly@hotmail.fr,alexia,joly,password,252,female,Hey ! My name is alexia,montreuil,45.764043,4.835659
hugo.arnaud@hotmail.fr,hugo,arnaud,password,253,male,Hey ! My name is hugo,saint-étienne,45.764043,4.835659
mélina.sanchez@hotmail.fr,mélina,sanchez,password,254,female,Hey ! My name is mélina,limoges,45.764043,4.835659
anaïs.lecomte@hotmail.fr,anaïs,lecomte,password,255,female,Hey ! My name is anaïs,brest,45.764043,4.835659
edouard.rey@hotmail.fr,edouard,rey,password,256,male,Hey ! My name is edouard,caen,45.764043,4.835659
alyssia.fontai@hotmail.fr,alyssia,fontai,password,257,female,Hey ! My name is alyssia,montreuil,45.764043,4.835659
ava.dumas@hotmail.fr,ava,dumas,password,258,female,Hey ! My name is ava,angers,45.764043,4.835659
milo.sanchez@hotmail.fr,milo,sanchez,password,259,male,Hey ! My name is milo,roubaix,45.764043,4.835659
soline.roche@hotmail.fr,soline,roche,password,260,female,Hey ! My name is soline,vitry-sur-seine,45.764043,4.835659
léonard.morin@hotmail.fr,léonard,morin,password,261,male,Hey ! My name is léonard,amiens,45.764043,4.835659
lucien.lopez@hotmail.fr,lucien,lopez,password,262,male,Hey ! My name is lucien,champigny-sur-marne,45.764043,4.835659
olivia.lefebvre@hotmail.fr,olivia,lefebvre,password,263,female,Hey ! My name is olivia,aix-en-provence,45.764043,4.835659
yann.robert@hotmail.fr,yann,robert,password,264,male,Hey ! My name is yann,montreuil,45.764043,4.835659
hector.robin@hotmail.fr,hector,robin,password,265,male,Hey ! My name is hector,reims,45.764043,4.835659
clémence.laurent@hotmail.fr,clémence,laurent,password,266,female,Hey ! My name is clémence,brest,45.764043,4.835659
alizee.fleury@hotmail.fr,alizee,fleury,password,267,female,Hey ! My name is alizee,nantes,45.764043,4.835659
alexandra.carpentier@hotmail.fr,alexandra,carpentier,password,268,female,Hey ! My name is alexandra,villeurbanne,45.764043,4.835659
line.vidal@hotmail.fr,line,vidal,password,269,female,Hey ! My name is line,le havre,45.764043,4.835659
malo.roussel@hotmail.fr,malo,roussel,password,270,male,Hey ! My name is malo,nice,45.764043,4.835659
lise.berger@hotmail.fr,lise,berger,password,271,female,Hey ! My name is lise,saint-pierre,45.764043,4.835659
lyna.girard@hotmail.fr,lyna,girard,password,272,female,Hey ! My name is lyna,rouen,45.764043,4.835659
tim.roux@hotmail.fr,tim,roux,password,273,male,Hey ! My name is tim,metz,45.764043,4.835659
marin.hubert@hotmail.fr,marin,hubert,password,274,male,Hey ! My name is marin,versailles,45.764043,4.835659
alyssia.robin@hotmail.fr,alyssia,robin,password,275,female,Hey ! My name is alyssia,besançon,45.764043,4.835659
bérénice.brun@hotmail.fr,bérénice,brun,password,276,female,Hey ! My name is bérénice,metz,45.764043,4.835659
louisa.david@hotmail.fr,louisa,david,password,277,female,Hey ! My name is louisa,orléans,45.764043,4.835659
anthony.jean@hotmail.fr,anthony,jean,password,278,male,Hey ! My name is anthony,clermont-ferrand,45.764043,4.835659
maëlyne.duval@hotmail.fr,maëlyne,duval,password,279,female,Hey ! My name is maëlyne,boulogne-billancourt,45.764043,4.835659
maxime.caron@hotmail.fr,maxime,caron,password,280,male,Hey ! My name is maxime,dijon,45.764043,4.835659
mia.brunet@hotmail.fr,mia,brunet,password,281,female,Hey ! My name is mia,avignon,45.764043,4.835659
léo.laurent@hotmail.fr,léo,laurent,password,282,male,Hey ! My name is léo,tourcoing,45.764043,4.835659
gaëtan.riviere@hotmail.fr,gaëtan,riviere,password,283,male,Hey ! My name is gaëtan,nîmes,45.764043,4.835659
julia.lacroix@hotmail.fr,julia,lacroix,password,284,female,Hey ! My name is julia,tours,45.764043,4.835659
timothe.fournier@hotmail.fr,timothe,fournier,password,285,male,Hey ! My name is timothe,aix-en-provence,45.764043,4.835659
antoine.lacroix@hotmail.fr,antoine,lacroix,password,286,male,Hey ! My name is antoine,aulnay-sous-bois,45.764043,4.835659
luka.henry@hotmail.fr,luka,henry,password,287,male,Hey ! My name is luka,saint-pierre,45.764043,4.835659
anthony.vincent@hotmail.fr,anthony,vincent,password,288,male,Hey ! My name is anthony,lyon,45.764043,4.835659
soan.brunet@hotmail.fr,soan,brunet,password,289,male,Hey ! My name is soan,rueil-malmaison,45.764043,4.835659
soline.adam@hotmail.fr,soline,adam,password,290,female,Hey ! My name is soline,le mans,45.764043,4.835659
eloïse.duval@hotmail.fr,eloïse,duval,password,291,female,Hey ! My name is eloïse,lille,45.764043,4.835659
rose.clement@hotmail.fr,rose,clement,password,292,female,Hey ! My name is rose,brest,45.764043,4.835659
inès.gauthier@hotmail.fr,inès,gauthier,password,293,female,Hey ! My name is inès,avignon,45.764043,4.835659
titouan.hubert@hotmail.fr,titouan,hubert,password,294,male,Hey ! My name is titouan,nancy,45.764043,4.835659
tess.legrand@hotmail.fr,tess,legrand,password,295,female,Hey ! My name is tess,saint-étienne,45.764043,4.835659
justine.gerard@hotmail.fr,justine,gerard,password,296,female,Hey ! My name is justine,bordeaux,45.764043,4.835659
elio.lacroix@hotmail.fr,elio,lacroix,password,297,male,Hey ! My name is elio,mulhouse,45.764043,4.835659
zoé.dubois@hotmail.fr,zoé,dubois,password,298,female,Hey ! My name is zoé,nantes,45.764043,4.835659
mathys.guillot@hotmail.fr,mathys,guillot,password,299,male,Hey ! My name is mathys,bordeaux,45.764043,4.835659
charlotte.gonzalez@hotmail.fr,charlotte,gonzalez,password,300,female,Hey ! My name is charlotte,argenteuil,45.764043,4.835659
axelle.guerin@hotmail.fr,axelle,guerin,password,301,female,Hey ! My name is axelle,limoges,45.764043,4.835659
gaëtan.moulin@hotmail.fr,gaëtan,moulin,password,302,male,Hey ! My name is gaëtan,courbevoie,45.764043,4.835659
eléonore.meunier@hotmail.fr,eléonore,meunier,password,303,female,Hey ! My name is eléonore,aubervilliers,45.764043,4.835659
mélody.leclerc@hotmail.fr,mélody,leclerc,password,304,female,Hey ! My name is mélody,champigny-sur-marne,45.764043,4.835659
leana.clement2@hotmail.fr,leana,clement,password,305,female,Hey ! My name is leana,besançon,45.764043,4.835659
eliot.roussel@hotmail.fr,eliot,roussel,password,306,male,Hey ! My name is eliot,colombes,45.764043,4.835659
simon.guillaume@hotmail.fr,simon,guillaume,password,307,male,Hey ! My name is simon,le mans,45.764043,4.835659
ugo.dufour@hotmail.fr,ugo,dufour,password,308,male,Hey ! My name is ugo,tours,45.764043,4.835659
flavie.richard@hotmail.fr,flavie,richard,password,309,female,Hey ! My name is flavie,orléans,45.764043,4.835659
evan.schmitt@hotmail.fr,evan,schmitt,password,310,male,Hey ! My name is evan,amiens,45.764043,4.835659
charly.lefevre@hotmail.fr,charly,lefevre,password,311,male,Hey ! My name is charly,roubaix,45.764043,4.835659
maélie.garnier@hotmail.fr,maélie,garnier,password,312,female,Hey ! My name is maélie,nantes,45.764043,4.835659
tony.guillo2t@hotmail.fr,tony,guillot,password,313,male,Hey ! My name is tony,asnières-sur-seine,45.764043,4.835659
titouan.da silva@hotmail.fr,titouan,da silva,password,314,male,Hey ! My name is titouan,champigny-sur-marne,45.764043,4.835659
aymeric.joly@hotmail.fr,aymeric,joly,password,315,male,Hey ! My name is aymeric,colombes,45.764043,4.835659
célestin.blanc@hotmail.fr,célestin,blanc,password,316,male,Hey ! My name is célestin,saint-denis,45.764043,4.835659
pauline.moreau@hotmail.fr,pauline,moreau,password,317,female,Hey ! My name is pauline,rennes,45.764043,4.835659
mila.berger@hotmail.fr,mila,berger,password,318,female,Hey ! My name is mila,dunkerque,45.764043,4.835659
victoire.joly@hotmail.fr,victoire,joly,password,319,female,Hey ! My name is victoire,vitry-sur-seine,45.764043,4.835659
titouan.david@hotmail.fr,titouan,david,password,320,male,Hey ! My name is titouan,tours,45.764043,4.835659
amaury.bernard@hotmail.fr,amaury,bernard,password,321,male,Hey ! My name is amaury,boulogne-billancourt,45.764043,4.835659
timothee.jean@hotmail.fr,timothee,jean,password,322,male,Hey ! My name is timothee,nantes,45.764043,4.835659
isaac.francois@hotmail.fr,isaac,francois,password,323,male,Hey ! My name is isaac,argenteuil,45.764043,4.835659
justine.aubert@hotmail.fr,justine,aubert,password,324,female,Hey ! My name is justine,aulnay-sous-bois,45.764043,4.835659
léandro.bertrand@hotmail.fr,léandro,bertrand,password,325,male,Hey ! My name is léandro,pau,45.764043,4.835659
louise.petit@hotmail.fr,louise,petit,password,326,female,Hey ! My name is louise,limoges,45.764043,4.835659
mila.gonzalez@hotmail.fr,mila,gonzalez,password,327,female,Hey ! My name is mila,le havre,45.764043,4.835659
margot.francois@hotmail.fr,margot,francois,password,328,female,Hey ! My name is margot,le mans,45.764043,4.835659
léon.meyer@hotmail.fr,léon,meyer,password,329,male,Hey ! My name is léon,metz,45.764043,4.835659
hélèna.fournier@hotmail.fr,hélèna,fournier,password,330,female,Hey ! My name is hélèna,angers,45.764043,4.835659
angelo.renard@hotmail.fr,angelo,renard,password,331,male,Hey ! My name is angelo,versailles,45.764043,4.835659
léon.garnier@hotmail.fr,léon,garnier,password,332,male,Hey ! My name is léon,nîmes,45.764043,4.835659
timeo.roux@hotmail.fr,timeo,roux,password,333,male,Hey ! My name is timeo,brest,45.764043,4.835659
cléa.fabre@hotmail.fr,cléa,fabre,password,334,female,Hey ! My name is cléa,fort-de-france,45.764043,4.835659
victoire.olivier@hotmail.fr,victoire,olivier,password,335,female,Hey ! My name is victoire,poitiers,45.764043,4.835659
camille.dupuis@hotmail.fr,camille,dupuis,password,336,female,Hey ! My name is camille,lille,45.764043,4.835659
louka.brunet@hotmail.fr,louka,brunet,password,337,male,Hey ! My name is louka,aix-en-provence,45.764043,4.835659
candice.perez@hotmail.fr,candice,perez,password,338,female,Hey ! My name is candice,saint-étienne,45.764043,4.835659
martin.schmitt@hotmail.fr,martin,schmitt,password,339,male,Hey ! My name is martin,aubervilliers,45.764043,4.835659
mylan.roche@hotmail.fr,mylan,roche,password,340,male,Hey ! My name is mylan,le havre,45.764043,4.835659
rémy.lefebvre@hotmail.fr,rémy,lefebvre,password,341,male,Hey ! My name is rémy,pau,45.764043,4.835659
célia.picard@hotmail.fr,célia,picard,password,342,female,Hey ! My name is célia,lille,45.764043,4.835659
aymeric.olivier@hotmail.fr,aymeric,olivier,password,343,male,Hey ! My name is aymeric,mulhouse,45.764043,4.835659
ilan.dumas@hotmail.fr,ilan,dumas,password,344,male,Hey ! My name is ilan,marseille,45.764043,4.835659
ryan.giraud@hotmail.fr,ryan,giraud,password,345,male,Hey ! My name is ryan,roubaix,45.764043,4.835659
eva.lecomte@hotmail.fr,eva,lecomte,password,346,female,Hey ! My name is eva,saint-pierre,45.764043,4.835659
tessa.andre@hotmail.fr,tessa,andre,password,347,female,Hey ! My name is tessa,saint-pierre,45.764043,4.835659
lina.garnier@hotmail.fr,lina,garnier,password,348,female,Hey ! My name is lina,nîmes,45.764043,4.835659
pauline.garcia@hotmail.fr,pauline,garcia,password,349,female,Hey ! My name is pauline,nanterre,45.764043,4.835659
stella.fournier@hotmail.fr,stella,fournier,password,350,female,Hey ! My name is stella,lille,45.764043,4.835659
clémence.charles@hotmail.fr,clémence,charles,password,351,female,Hey ! My name is clémence,poitiers,45.764043,4.835659
noemie.jean@hotmail.fr,noemie,jean,password,352,female,Hey ! My name is noemie,aulnay-sous-bois,45.764043,4.835659
maélie.joly@hotmail.fr,maélie,joly,password,353,female,Hey ! My name is maélie,colombes,45.764043,4.835659
tiago.gerard@hotmail.fr,tiago,gerard,password,354,male,Hey ! My name is tiago,versailles,45.764043,4.835659
théo.gauthier@hotmail.fr,théo,gauthier,password,355,male,Hey ! My name is théo,argenteuil,45.764043,4.835659
chloé.brunet@hotmail.fr,chloé,brunet,password,356,female,Hey ! My name is chloé,colombes,45.764043,4.835659
lilou.picard@hotmail.fr,lilou,picard,password,357,female,Hey ! My name is lilou,créteil,45.764043,4.835659
thomas.durand@hotmail.fr,thomas,durand,password,358,male,Hey ! My name is thomas,saint-denis,45.764043,4.835659
kylian.leclercq@hotmail.fr,kylian,leclercq,password,359,male,Hey ! My name is kylian,orléans,45.764043,4.835659
kaïs.gerard@hotmail.fr,kaïs,gerard,password,360,male,Hey ! My name is kaïs,le havre,45.764043,4.835659
bérénice.garcia@hotmail.fr,bérénice,garcia,password,361,female,Hey ! My name is bérénice,montpellier,45.764043,4.835659
fabio.renaud@hotmail.fr,fabio,renaud,password,362,male,Hey ! My name is fabio,courbevoie,45.764043,4.835659
elliot.fleury@hotmail.fr,elliot,fleury,password,363,male,Hey ! My name is elliot,nice,45.764043,4.835659
ugo.morel@hotmail.fr,ugo,morel,password,364,male,Hey ! My name is ugo,caen,45.764043,4.835659
noham.arnaud@hotmail.fr,noham,arnaud,password,365,male,Hey ! My name is noham,rueil-malmaison,45.764043,4.835659
maëline.leroy@hotmail.fr,maëline,leroy,password,366,female,Hey ! My name is maëline,tours,45.764043,4.835659
héloïse.leroy@hotmail.fr,héloïse,leroy,password,367,female,Hey ! My name is héloïse,le havre,45.764043,4.835659
milan.leroy@hotmail.fr,milan,leroy,password,368,male,Hey ! My name is milan,saint-denis,45.764043,4.835659
elia.girard@hotmail.fr,elia,girard,password,369,female,Hey ! My name is elia,créteil,45.764043,4.835659
héloïse.marie@hotmail.fr,héloïse,marie,password,370,female,Hey ! My name is héloïse,aix-en-provence,45.764043,4.835659
thiago.caron@hotmail.fr,thiago,caron,password,371,male,Hey ! My name is thiago,asnières-sur-seine,45.764043,4.835659
maelya.durand@hotmail.fr,maelya,durand,password,372,female,Hey ! My name is maelya,roubaix,45.764043,4.835659
gabriel.david@hotmail.fr,gabriel,david,password,373,male,Hey ! My name is gabriel,rennes,45.764043,4.835659
leana.lecomte@hotmail.fr,leana,lecomte,password,374,female,Hey ! My name is leana,champigny-sur-marne,45.764043,4.835659
louna.dufour@hotmail.fr,louna,dufour,password,375,female,Hey ! My name is louna,lyon,45.764043,4.835659
loïc.schmitt@hotmail.fr,loïc,schmitt,password,376,male,Hey ! My name is loïc,brest,45.764043,4.835659
sélène.aubert@hotmail.fr,sélène,aubert,password,377,female,Hey ! My name is sélène,vitry-sur-seine,45.764043,4.835659
clarisse.pierre@hotmail.fr,clarisse,pierre,password,378,female,Hey ! My name is clarisse,courbevoie,45.764043,4.835659
mathias.bonnet@hotmail.fr,mathias,bonnet,password,379,male,Hey ! My name is mathias,amiens,45.764043,4.835659
nino.giraud@hotmail.fr,nino,giraud,password,380,male,Hey ! My name is nino,toulon,45.764043,4.835659
mylan.berger@hotmail.fr,mylan,berger,password,381,male,Hey ! My name is mylan,dijon,45.764043,4.835659
dorian.henry@hotmail.fr,dorian,henry,password,382,male,Hey ! My name is dorian,nancy,45.764043,4.835659
zoé.berger@hotmail.fr,zoé,berger,password,383,female,Hey ! My name is zoé,boulogne-billancourt,45.764043,4.835659
damien.carpentier@hotmail.fr,damien,carpentier,password,384,male,Hey ! My name is damien,metz,45.764043,4.835659
elisa.perez@hotmail.fr,elisa,perez,password,385,female,Hey ! My name is elisa,besançon,45.764043,4.835659
eden.bertrand@hotmail.fr,eden,bertrand,password,386,female,Hey ! My name is eden,nice,45.764043,4.835659
louna.colin@hotmail.fr,louna,colin,password,387,female,Hey ! My name is louna,villeurbanne,45.764043,4.835659
clémentine.picard@hotmail.fr,clémentine,picard,password,388,female,Hey ! My name is clémentine,aix-en-provence,45.764043,4.835659
alexandre.carpentier@hotmail.fr,alexandre,carpentier,password,389,male,Hey ! My name is alexandre,aubervilliers,45.764043,4.835659
ilan.laurent@hotmail.fr,ilan,laurent,password,390,male,Hey ! My name is ilan,saint-étienne,45.764043,4.835659
noham.giraud@hotmail.fr,noham,giraud,password,391,male,Hey ! My name is noham,brest,45.764043,4.835659
diane.guillaume@hotmail.fr,diane,guillaume,password,392,female,Hey ! My name is diane,boulogne-billancourt,45.764043,4.835659
sélène.deschamps@hotmail.fr,sélène,deschamps,password,393,female,Hey ! My name is sélène,argenteuil,45.764043,4.835659
aurore.boyer@hotmail.fr,aurore,boyer,password,394,female,Hey ! My name is aurore,versailles,45.764043,4.835659
eléa.rey@hotmail.fr,eléa,rey,password,395,female,Hey ! My name is eléa,paris,45.764043,4.835659
loïs.martin@hotmail.fr,loïs,martin,password,396,male,Hey ! My name is loïs,versailles,45.764043,4.835659
aymeric.carpentier@hotmail.fr,aymeric,carpentier,password,397,male,Hey ! My name is aymeric,saint-denis,45.764043,4.835659
evan.richard@hotmail.fr,evan,richard,password,398,male,Hey ! My name is evan,metz,45.764043,4.835659
hélèna.nicolas@hotmail.fr,hélèna,nicolas,password,399,female,Hey ! My name is hélèna,orléans,45.764043,4.835659
albane.riviere@hotmail.fr,albane,riviere,password,400,female,Hey ! My name is albane,toulouse,45.764043,4.835659
paul.riviere@hotmail.fr,paul,riviere,password,401,male,Hey ! My name is paul,lille,45.764043,4.835659
alyssia.fleury@hotmail.fr,alyssia,fleury,password,402,female,Hey ! My name is alyssia,aulnay-sous-bois,45.764043,4.835659
edgar.martinez@hotmail.fr,edgar,martinez,password,403,male,Hey ! My name is edgar,nancy,45.764043,4.835659
alice.vidal@hotmail.fr,alice,vidal,password,404,female,Hey ! My name is alice,rennes,45.764043,4.835659
sandra.thomas@hotmail.fr,sandra,thomas,password,405,female,Hey ! My name is sandra,bordeaux,45.764043,4.835659
thiago.philippe@hotmail.fr,thiago,philippe,password,406,male,Hey ! My name is thiago,grenoble,45.764043,4.835659
alizee.brunet@hotmail.fr,alizee,brunet,password,407,female,Hey ! My name is alizee,versailles,43.296482,5.36978
julian.nicolas@hotmail.fr,julian,nicolas,password,408,male,Hey ! My name is julian,colombes,43.296482,5.36978
maëlia.nicolas@hotmail.fr,maëlia,nicolas,password,409,female,Hey ! My name is maëlia,nîmes,43.296482,5.36978
enola.nguyen@hotmail.fr,enola,nguyen,password,410,female,Hey ! My name is enola,avignon,43.296482,5.36978
lucile.bertrand@hotmail.fr,lucile,bertrand,password,411,female,Hey ! My name is lucile,argenteuil,43.296482,5.36978
mahé.marie@hotmail.fr,mahé,marie,password,412,male,Hey ! My name is mahé,aix-en-provence,43.296482,5.36978
léane.denis@hotmail.fr,léane,denis,password,413,female,Hey ! My name is léane,avignon,43.296482,5.36978
apolline.michel@hotmail.fr,apolline,michel,password,414,female,Hey ! My name is apolline,villeurbanne,43.296482,5.36978
mathis.duval@hotmail.fr,mathis,duval,password,415,male,Hey ! My name is mathis,aix-en-provence,43.296482,5.36978
erwan.roche@hotmail.fr,erwan,roche,password,416,male,Hey ! My name is erwan,brest,43.296482,5.36978
loris.denis@hotmail.fr,loris,denis,password,417,male,Hey ! My name is loris,le mans,43.296482,5.36978
louane.gauthier@hotmail.fr,louane,gauthier,password,418,female,Hey ! My name is louane,reims,43.296482,5.36978
maëline.giraud@hotmail.fr,maëline,giraud,password,419,female,Hey ! My name is maëline,perpignan,43.296482,5.36978
mathéo.dupont@hotmail.fr,mathéo,dupont,password,420,male,Hey ! My name is mathéo,nanterre,43.296482,5.36978
lino.faure@hotmail.fr,lino,faure,password,421,male,Hey ! My name is lino,tourcoing,43.296482,5.36978
loan.gauthier@hotmail.fr,loan,gauthier,password,422,male,Hey ! My name is loan,nancy,43.296482,5.36978
albane.roussel@hotmail.fr,albane,roussel,password,423,female,Hey ! My name is albane,reims,43.296482,5.36978
solène.caron@hotmail.fr,solène,caron,password,424,female,Hey ! My name is solène,paris,43.296482,5.36978
flavie.colin@hotmail.fr,flavie,colin,password,425,female,Hey ! My name is flavie,amiens,43.296482,5.36978
loris.faure@hotmail.fr,loris,faure,password,426,male,Hey ! My name is loris,caen,43.296482,5.36978
alexia.rey@hotmail.fr,alexia,rey,password,427,female,Hey ! My name is alexia,reims,43.296482,5.36978
flora.colin@hotmail.fr,flora,colin,password,428,female,Hey ! My name is flora,perpignan,43.296482,5.36978
jordan.garnier@hotmail.fr,jordan,garnier,password,429,male,Hey ! My name is jordan,fort-de-france,43.296482,5.36978
clémence.roy@hotmail.fr,clémence,roy,password,430,female,Hey ! My name is clémence,nancy,43.296482,5.36978
garance.blanchard@hotmail.fr,garance,blanchard,password,431,female,Hey ! My name is garance,montpellier,43.296482,5.36978
lenny.schmitt@hotmail.fr,lenny,schmitt,password,432,male,Hey ! My name is lenny,amiens,43.296482,5.36978
maïwenn.lambert@hotmail.fr,maïwenn,lambert,password,433,female,Hey ! My name is maïwenn,asnières-sur-seine,43.296482,5.36978
bastien.leclercq@hotmail.fr,bastien,leclercq,password,434,male,Hey ! My name is bastien,fort-de-france,43.296482,5.36978
gaëtan.boyer@hotmail.fr,gaëtan,boyer,password,435,male,Hey ! My name is gaëtan,poitiers,43.296482,5.36978
léandro.meyer@hotmail.fr,léandro,meyer,password,436,male,Hey ! My name is léandro,besançon,43.296482,5.36978
sandra.roche@hotmail.fr,sandra,roche,password,437,female,Hey ! My name is sandra,poitiers,43.296482,5.36978
loïs.thomas@hotmail.fr,loïs,thomas,password,438,male,Hey ! My name is loïs,mulhouse,43.296482,5.36978
tessa.francois@hotmail.fr,tessa,francois,password,439,female,Hey ! My name is tessa,strasbourg,43.296482,5.36978
stella.moreau@hotmail.fr,stella,moreau,password,440,female,Hey ! My name is stella,champigny-sur-marne,43.296482,5.36978
simon.colin@hotmail.fr,simon,colin,password,441,male,Hey ! My name is simon,montpellier,43.296482,5.36978
simon.carpentier@hotmail.fr,simon,carpentier,password,442,male,Hey ! My name is simon,aix-en-provence,43.296482,5.36978
lily.rolland@hotmail.fr,lily,rolland,password,443,female,Hey ! My name is lily,orléans,43.296482,5.36978
nina.dumont@hotmail.fr,nina,dumont,password,444,female,Hey ! My name is nina,lille,43.296482,5.36978
gaspard.gauthier@hotmail.fr,gaspard,gauthier,password,445,male,Hey ! My name is gaspard,saint-pierre,43.296482,5.36978
charlie.menard@hotmail.fr,charlie,menard,password,446,male,Hey ! My name is charlie,lyon,43.296482,5.36978
faustine.philippe@hotmail.fr,faustine,philippe,password,447,female,Hey ! My name is faustine,caen,43.296482,5.36978
simon.marie@hotmail.fr,simon,marie,password,448,male,Hey ! My name is simon,nîmes,43.296482,5.36978
nolhan.noel@hotmail.fr,nolhan,noel,password,449,male,Hey ! My name is nolhan,dijon,43.296482,5.36978
eléa.leroux@hotmail.fr,eléa,leroux,password,450,female,Hey ! My name is eléa,besançon,43.296482,5.36978
lisa.charles@hotmail.fr,lisa,charles,password,451,female,Hey ! My name is lisa,angers,43.296482,5.36978
angèle.laurent@hotmail.fr,angèle,laurent,password,452,female,Hey ! My name is angèle,roubaix,43.296482,5.36978
kenzo.henry@hotmail.fr,kenzo,henry,password,453,male,Hey ! My name is kenzo,rennes,43.296482,5.36978
noemie.dupont@hotmail.fr,noemie,dupont,password,454,female,Hey ! My name is noemie,strasbourg,43.296482,5.36978
loane.rousseau@hotmail.fr,loane,rousseau,password,455,female,Hey ! My name is loane,aix-en-provence,43.296482,5.36978
hugo.bonnet@hotmail.fr,hugo,bonnet,password,456,male,Hey ! My name is hugo,fort-de-france,43.296482,5.36978
matéo.charles@hotmail.fr,matéo,charles,password,457,male,Hey ! My name is matéo,limoges,43.296482,5.36978
mélissa.da silva@hotmail.fr,mélissa,da silva,password,458,female,Hey ! My name is mélissa,courbevoie,43.296482,5.36978
louka.jean@hotmail.fr,louka,jean,password,459,male,Hey ! My name is louka,metz,43.296482,5.36978
yann.david@hotmail.fr,yann,david,password,460,male,Hey ! My name is yann,nice,43.296482,5.36978
eliott.lecomte@hotmail.fr,eliott,lecomte,password,461,male,Hey ! My name is eliott,aix-en-provence,43.296482,5.36978
marine.robin@hotmail.fr,marine,robin,password,462,female,Hey ! My name is marine,perpignan,43.296482,5.36978
milan.roy@hotmail.fr,milan,roy,password,463,male,Hey ! My name is milan,vitry-sur-seine,43.296482,5.36978
hugo.lemaire@hotmail.fr,hugo,lemaire,password,464,male,Hey ! My name is hugo,toulon,43.296482,5.36978
thibaut.carpentier@hotmail.fr,thibaut,carpentier,password,465,male,Hey ! My name is thibaut,nantes,43.296482,5.36978
loïs.jean@hotmail.fr,loïs,jean,password,466,male,Hey ! My name is loïs,saint-étienne,43.296482,5.36978
célestin.renaud@hotmail.fr,célestin,renaud,password,467,male,Hey ! My name is célestin,poitiers,43.296482,5.36978
valentina.guerin@hotmail.fr,valentina,guerin,password,468,female,Hey ! My name is valentina,aulnay-sous-bois,43.296482,5.36978
martin.leroux@hotmail.fr,martin,leroux,password,469,male,Hey ! My name is martin,bordeaux,43.296482,5.36978
leana.robert@hotmail.fr,leana,robert,password,470,female,Hey ! My name is leana,angers,43.296482,5.36978
léonie.garnier@hotmail.fr,léonie,garnier,password,471,female,Hey ! My name is léonie,dijon,43.296482,5.36978
jules.lecomte@hotmail.fr,jules,lecomte,password,472,male,Hey ! My name is jules,asnières-sur-seine,43.296482,5.36978
chiara.rodriguez@hotmail.fr,chiara,rodriguez,password,473,female,Hey ! My name is chiara,nîmes,43.296482,5.36978
romain.marie@hotmail.fr,romain,marie,password,474,male,Hey ! My name is romain,nancy,43.296482,5.36978
soan.robert@hotmail.fr,soan,robert,password,475,male,Hey ! My name is soan,nanterre,43.296482,5.36978
livia.lucas@hotmail.fr,livia,lucas,password,476,female,Hey ! My name is livia,saint-pierre,43.296482,5.36978
alicia.gauthier@hotmail.fr,alicia,gauthier,password,477,female,Hey ! My name is alicia,montreuil,43.296482,5.36978
léon.nguyen@hotmail.fr,léon,nguyen,password,478,male,Hey ! My name is léon,le havre,43.296482,5.36978
nathan.girard@hotmail.fr,nathan,girard,password,479,male,Hey ! My name is nathan,angers,43.296482,5.36978
nils.deschamps@hotmail.fr,nils,deschamps,password,480,male,Hey ! My name is nils,toulouse,43.296482,5.36978
matteo.durand@hotmail.fr,matteo,durand,password,481,male,Hey ! My name is matteo,rueil-malmaison,43.296482,5.36978
antonin.leroux@hotmail.fr,antonin,leroux,password,482,male,Hey ! My name is antonin,avignon,43.296482,5.36978
timothee.renaud@hotmail.fr,timothee,renaud,password,483,male,Hey ! My name is timothee,le havre,43.296482,5.36978
ugo.denis@hotmail.fr,ugo,denis,password,484,male,Hey ! My name is ugo,mulhouse,43.296482,5.36978
livia.barbier@hotmail.fr,livia,barbier,password,485,female,Hey ! My name is livia,brest,43.296482,5.36978
adèle.guerin@hotmail.fr,adèle,guerin,password,486,female,Hey ! My name is adèle,montreuil,43.296482,5.36978
gaëtan.dupuis@hotmail.fr,gaëtan,dupuis,password,487,male,Hey ! My name is gaëtan,villeurbanne,43.296482,5.36978
coline.fernandez@hotmail.fr,coline,fernandez,password,488,female,Hey ! My name is coline,toulon,43.296482,5.36978
chiara.fontai@hotmail.fr,chiara,fontai,password,489,female,Hey ! My name is chiara,rennes,43.296482,5.36978
lisa.blanc@hotmail.fr,lisa,blanc,password,490,female,Hey ! My name is lisa,rouen,43.296482,5.36978
jordan.fernandez@hotmail.fr,jordan,fernandez,password,491,male,Hey ! My name is jordan,aix-en-provence,43.296482,5.36978
eléonore.guerin@hotmail.fr,eléonore,guerin,password,492,female,Hey ! My name is eléonore,le havre,43.296482,5.36978
océane.joly@hotmail.fr,océane,joly,password,493,female,Hey ! My name is océane,nice,43.296482,5.36978
robin.noel@hotmail.fr,robin,noel,password,494,male,Hey ! My name is robin,saint-étienne,43.296482,5.36978
rayan.renard@hotmail.fr,rayan,renard,password,495,male,Hey ! My name is rayan,angers,43.296482,5.36978
mélody.noel@hotmail.fr,mélody,noel,password,496,female,Hey ! My name is mélody,paris,43.296482,5.36978
amelia.legrand@hotmail.fr,amelia,legrand,password,497,female,Hey ! My name is amelia,angers,43.296482,5.36978
martin.masson@hotmail.fr,martin,masson,password,498,male,Hey ! My name is martin,poitiers,43.296482,5.36978
marius.renard@hotmail.fr,marius,renard,password,499,male,Hey ! My name is marius,rueil-malmaison,43.296482,5.36978
noa.lefebvre@hotmail.fr,noa,lefebvre,password,500,male,Hey ! My name is noa,besançon,43.296482,5.36978
